REGION	POS	REF	ALT	REF_DP_/home/gk/analysis/2018.11.22.1542874525.ZI.field_samples_zika/masked_variants/ZI-34_a.tsv	REF_RV_/home/gk/analysis/2018.11.22.1542874525.ZI.field_samples_zika/masked_variants/ZI-34_a.tsv	REF_QUAL_/home/gk/analysis/2018.11.22.1542874525.ZI.field_samples_zika/masked_variants/ZI-34_a.tsv	ALT_DP_/home/gk/analysis/2018.11.22.1542874525.ZI.field_samples_zika/masked_variants/ZI-34_a.tsv	ALT_RV_/home/gk/analysis/2018.11.22.1542874525.ZI.field_samples_zika/masked_variants/ZI-34_a.tsv	ALT_QUAL_/home/gk/analysis/2018.11.22.1542874525.ZI.field_samples_zika/masked_variants/ZI-34_a.tsv	ALT_FREQ_/home/gk/analysis/2018.11.22.1542874525.ZI.field_samples_zika/masked_variants/ZI-34_a.tsv	TOTAL_DP_/home/gk/analysis/2018.11.22.1542874525.ZI.field_samples_zika/masked_variants/ZI-34_a.tsv	PVAL_/home/gk/analysis/2018.11.22.1542874525.ZI.field_samples_zika/masked_variants/ZI-34_a.tsv	PASS_/home/gk/analysis/2018.11.22.1542874525.ZI.field_samples_zika/masked_variants/ZI-34_a.tsv	REF_DP_/home/gk/analysis/2018.11.22.1542874525.ZI.field_samples_zika/masked_variants/ZI-34_b.tsv	REF_RV_/home/gk/analysis/2018.11.22.1542874525.ZI.field_samples_zika/masked_variants/ZI-34_b.tsv	REF_QUAL_/home/gk/analysis/2018.11.22.1542874525.ZI.field_samples_zika/masked_variants/ZI-34_b.tsv	ALT_DP_/home/gk/analysis/2018.11.22.1542874525.ZI.field_samples_zika/masked_variants/ZI-34_b.tsv	ALT_RV_/home/gk/analysis/2018.11.22.1542874525.ZI.field_samples_zika/masked_variants/ZI-34_b.tsv	ALT_QUAL_/home/gk/analysis/2018.11.22.1542874525.ZI.field_samples_zika/masked_variants/ZI-34_b.tsv	ALT_FREQ_/home/gk/analysis/2018.11.22.1542874525.ZI.field_samples_zika/masked_variants/ZI-34_b.tsv	TOTAL_DP_/home/gk/analysis/2018.11.22.1542874525.ZI.field_samples_zika/masked_variants/ZI-34_b.tsv	PVAL_/home/gk/analysis/2018.11.22.1542874525.ZI.field_samples_zika/masked_variants/ZI-34_b.tsv	PASS_/home/gk/analysis/2018.11.22.1542874525.ZI.field_samples_zika/masked_variants/ZI-34_b.tsv	
Consensus_ZI-34_threshold_0_quality_20	274	G	+A	3647	3647	38	149	0	20	0.0396699	3756	1.57584e-17	TRUE	5365	5365	38	243	0	20	0.0438312	5544	7.15103e-30	TRUE	
Consensus_ZI-34_threshold_0_quality_20	353	G	-AGAAGA	21739	4501	38	2471	0	20	0.113651	21742	0	TRUE	20114	6070	38	2279	0	20	0.113293	20116	0	TRUE	
Consensus_ZI-34_threshold_0_quality_20	670	C	+A	22326	22325	38	1303	0	20	0.0583572	22328	4.05904e-178	TRUE	17759	17756	38	1937	0	20	0.106686	18156	0	TRUE	
Consensus_ZI-34_threshold_0_quality_20	1758	T	A	75	69	38	18	16	38	0.193548	93	1.70064e-06	TRUE	425	424	38	37	36	37	0.0800866	462	3.57802e-12	TRUE	
Consensus_ZI-34_threshold_0_quality_20	1997	T	C	9254	1488	48	531	143	47	0.0542667	9785	9.01298e-164	TRUE	22132	3452	49	2434	368	47	0.0990639	24570	0	TRUE	
Consensus_ZI-34_threshold_0_quality_20	4456	A	G	1049	1023	37	307	307	38	0.226234	1357	2.09521e-99	TRUE	1074	1065	37	268	265	37	0.199702	1342	1.26464e-85	TRUE	
Consensus_ZI-34_threshold_0_quality_20	4465	A	G	1380	1353	38	135	135	37	0.0891089	1515	7.56256e-41	TRUE	1412	1400	38	88	88	38	0.0586667	1500	4.14112e-26	TRUE	
Consensus_ZI-34_threshold_0_quality_20	5084	C	T	5	4	38	1	0	40	0.166667	6	0.545455	FALSE	2	2	38	1	0	40	0.333333	3	0.6	FALSE	
Consensus_ZI-34_threshold_0_quality_20	6031	A	G	37173	12951	39	3957	679	38	0.0961978	41134	0	TRUE	30971	8317	38	15551	222	38	0.334258	46524	0	TRUE	
Consensus_ZI-34_threshold_0_quality_20	6406	G	C	13034	1920	37	1267	381	32	0.0885704	14305	0	TRUE	7017	4553	38	408	213	29	0.0549495	7425	5.95497e-59	TRUE	
Consensus_ZI-34_threshold_0_quality_20	7033	A	G	8605	29	38	1459	1	38	0.144929	10067	0	TRUE	6874	8	38	301	0	37	0.0419454	7176	4.44779e-81	TRUE	
Consensus_ZI-34_threshold_0_quality_20	9487	T	C	447	376	38	106	77	37	0.191682	553	5.1813e-35	TRUE	444	335	38	36	28	38	0.075	480	7.6471e-12	TRUE	
