REGION	POS	REF	ALT	REF_DP_/home/gk/analysis/2018.11.21.1542865383.ZI.invitro/masked_variants/ZI-44_a.masked.tsv	REF_RV_/home/gk/analysis/2018.11.21.1542865383.ZI.invitro/masked_variants/ZI-44_a.masked.tsv	REF_QUAL_/home/gk/analysis/2018.11.21.1542865383.ZI.invitro/masked_variants/ZI-44_a.masked.tsv	ALT_DP_/home/gk/analysis/2018.11.21.1542865383.ZI.invitro/masked_variants/ZI-44_a.masked.tsv	ALT_RV_/home/gk/analysis/2018.11.21.1542865383.ZI.invitro/masked_variants/ZI-44_a.masked.tsv	ALT_QUAL_/home/gk/analysis/2018.11.21.1542865383.ZI.invitro/masked_variants/ZI-44_a.masked.tsv	ALT_FREQ_/home/gk/analysis/2018.11.21.1542865383.ZI.invitro/masked_variants/ZI-44_a.masked.tsv	TOTAL_DP_/home/gk/analysis/2018.11.21.1542865383.ZI.invitro/masked_variants/ZI-44_a.masked.tsv	PVAL_/home/gk/analysis/2018.11.21.1542865383.ZI.invitro/masked_variants/ZI-44_a.masked.tsv	PASS_/home/gk/analysis/2018.11.21.1542865383.ZI.invitro/masked_variants/ZI-44_a.masked.tsv	REF_DP_/home/gk/analysis/2018.11.21.1542865383.ZI.invitro/masked_variants/ZI-44_b.masked.tsv	REF_RV_/home/gk/analysis/2018.11.21.1542865383.ZI.invitro/masked_variants/ZI-44_b.masked.tsv	REF_QUAL_/home/gk/analysis/2018.11.21.1542865383.ZI.invitro/masked_variants/ZI-44_b.masked.tsv	ALT_DP_/home/gk/analysis/2018.11.21.1542865383.ZI.invitro/masked_variants/ZI-44_b.masked.tsv	ALT_RV_/home/gk/analysis/2018.11.21.1542865383.ZI.invitro/masked_variants/ZI-44_b.masked.tsv	ALT_QUAL_/home/gk/analysis/2018.11.21.1542865383.ZI.invitro/masked_variants/ZI-44_b.masked.tsv	ALT_FREQ_/home/gk/analysis/2018.11.21.1542865383.ZI.invitro/masked_variants/ZI-44_b.masked.tsv	TOTAL_DP_/home/gk/analysis/2018.11.21.1542865383.ZI.invitro/masked_variants/ZI-44_b.masked.tsv	PVAL_/home/gk/analysis/2018.11.21.1542865383.ZI.invitro/masked_variants/ZI-44_b.masked.tsv	PASS_/home/gk/analysis/2018.11.21.1542865383.ZI.invitro/masked_variants/ZI-44_b.masked.tsv	
PRVABC59	90	C	+A	4321	0	36	945	0	20	0.218497	4325	1.99344e-202	TRUE	5131	0	37	1049	0	20	0.204165	5138	1.50729e-222	TRUE	
PRVABC59	298	G	+A	3654	3654	35	179	0	20	0.048183	3715	1.94226e-23	TRUE	4420	4419	35	208	0	20	0.0464804	4475	2.06646e-26	TRUE	
PRVABC59	1937	T	G	2922	343	36	409	15	36	0.122749	3332	2.11622e-123	TRUE	4943	439	36	703	17	36	0.124513	5646	1.19686e-211	TRUE	
PRVABC59	2753	T	G	5274	1310	37	533	132	37	0.090708	5876	6.13865e-158	TRUE	6145	1423	37	687	175	37	0.0993349	6916	9.39629e-205	TRUE	
PRVABC59	2894	C	T	3152	0	35	157	0	36	0.0474464	3309	7.71375e-44	TRUE	3954	0	35	207	0	35	0.0497477	4161	2.03347e-57	TRUE	
PRVABC59	3120	T	C	25802	3468	36	7298	959	36	0.220417	33110	0	TRUE	37119	4032	36	11198	1318	36	0.231641	48342	0	TRUE	
PRVABC59	3267	A	G	21270	21266	35	669	669	34	0.0304909	21941	9.16988e-171	TRUE	32315	32309	35	1027	1026	34	0.0307955	33349	1.97071e-260	TRUE	
PRVABC59	3799	C	T	1717	0	37	66	0	37	0.0370163	1783	2.58962e-19	TRUE	2388	0	37	87	0	36	0.0351515	2475	3.15842e-24	TRUE	
PRVABC59	5301	T	C	1	1	38	5	0	37	0.833333	6	0.012987	FALSE	4	3	36	1	0	38	0.2	5	0.555556	FALSE	
PRVABC59	5652	C	T	637	151	46	125	36	42	0.164042	762	1.00057e-40	TRUE	888	172	49	205	42	50	0.187557	1093	5.50181e-67	TRUE	
PRVABC59	6669	T	C	4431	4431	36	163	162	36	0.0354811	4594	4.32789e-44	TRUE	5260	5259	37	186	186	36	0.0341472	5447	1.43458e-49	TRUE	
PRVABC59	7888	C	T	7517	4518	37	1850	1161	37	0.197439	9370	0	TRUE	11868	7057	37	2953	1784	37	0.199164	14827	0	TRUE	
PRVABC59	9685	C	T	53643	0	36	1755	0	36	0.0316793	55399	0	TRUE	55691	0	37	1853	0	36	0.0321986	57549	0	TRUE	
PRVABC59	10597	T	-GAACTGGAGATCAGCTGTG	15	15	35	1	0	20	0.0666667	15	0.533333	FALSE	28	28	36	4	0	20	0.142857	28	0.0790111	FALSE	
PRVABC59	10602	T	C	13	13	36	1	1	38	0.0714286	14	0.518519	FALSE	20	20	37	7	7	38	0.259259	27	0.00576108	TRUE	
PRVABC59	10602	T	-GGAGATCAGCTGTG	13	13	36	1	0	20	0.0714286	14	0.518519	FALSE	20	20	37	1	0	20	0.037037	27	0.446809	FALSE	
PRVABC59	10603	G	A	13	13	37	1	1	26	0.0714286	14	0.518519	FALSE	25	25	37	1	1	38	0.037037	27	0.5	FALSE	
PRVABC59	10606	G	T	11	11	37	2	2	38	0.142857	14	0.24	FALSE	24	24	37	1	1	38	0.037037	27	0.490196	FALSE	
PRVABC59	10606	G	A	11	11	37	1	1	38	0.0714286	14	0.48	FALSE	24	24	37	2	2	37	0.0740741	27	0.245098	FALSE	
