REGION	POS	REF	ALT	REF_DP_/home/gk/analysis/2018.11.23.1543017869.ZI.field_samples_wnv/masked_variants/ZI-58_a.tsv	REF_RV_/home/gk/analysis/2018.11.23.1543017869.ZI.field_samples_wnv/masked_variants/ZI-58_a.tsv	REF_QUAL_/home/gk/analysis/2018.11.23.1543017869.ZI.field_samples_wnv/masked_variants/ZI-58_a.tsv	ALT_DP_/home/gk/analysis/2018.11.23.1543017869.ZI.field_samples_wnv/masked_variants/ZI-58_a.tsv	ALT_RV_/home/gk/analysis/2018.11.23.1543017869.ZI.field_samples_wnv/masked_variants/ZI-58_a.tsv	ALT_QUAL_/home/gk/analysis/2018.11.23.1543017869.ZI.field_samples_wnv/masked_variants/ZI-58_a.tsv	ALT_FREQ_/home/gk/analysis/2018.11.23.1543017869.ZI.field_samples_wnv/masked_variants/ZI-58_a.tsv	TOTAL_DP_/home/gk/analysis/2018.11.23.1543017869.ZI.field_samples_wnv/masked_variants/ZI-58_a.tsv	PVAL_/home/gk/analysis/2018.11.23.1543017869.ZI.field_samples_wnv/masked_variants/ZI-58_a.tsv	PASS_/home/gk/analysis/2018.11.23.1543017869.ZI.field_samples_wnv/masked_variants/ZI-58_a.tsv	REF_DP_/home/gk/analysis/2018.11.23.1543017869.ZI.field_samples_wnv/masked_variants/ZI-58_b.tsv	REF_RV_/home/gk/analysis/2018.11.23.1543017869.ZI.field_samples_wnv/masked_variants/ZI-58_b.tsv	REF_QUAL_/home/gk/analysis/2018.11.23.1543017869.ZI.field_samples_wnv/masked_variants/ZI-58_b.tsv	ALT_DP_/home/gk/analysis/2018.11.23.1543017869.ZI.field_samples_wnv/masked_variants/ZI-58_b.tsv	ALT_RV_/home/gk/analysis/2018.11.23.1543017869.ZI.field_samples_wnv/masked_variants/ZI-58_b.tsv	ALT_QUAL_/home/gk/analysis/2018.11.23.1543017869.ZI.field_samples_wnv/masked_variants/ZI-58_b.tsv	ALT_FREQ_/home/gk/analysis/2018.11.23.1543017869.ZI.field_samples_wnv/masked_variants/ZI-58_b.tsv	TOTAL_DP_/home/gk/analysis/2018.11.23.1543017869.ZI.field_samples_wnv/masked_variants/ZI-58_b.tsv	PVAL_/home/gk/analysis/2018.11.23.1543017869.ZI.field_samples_wnv/masked_variants/ZI-58_b.tsv	PASS_/home/gk/analysis/2018.11.23.1543017869.ZI.field_samples_wnv/masked_variants/ZI-58_b.tsv	
Consensus_ZI-58_threshold_0_quality_20	514	A	G	3	3	37	2	2	35	0.4	5	0.277778	FALSE	24	22	37	1	1	38	0.04	25	0.510204	FALSE	
Consensus_ZI-58_threshold_0_quality_20	521	C	T	3	3	36	2	2	37	0.4	5	0.277778	FALSE	24	22	36	1	1	37	0.04	25	0.510204	FALSE	
Consensus_ZI-58_threshold_0_quality_20	705	T	C	1592	3	36	280	0	36	0.149493	1873	9.8318e-88	TRUE	2214	1	36	356	1	36	0.138468	2571	2.29102e-109	TRUE	
Consensus_ZI-58_threshold_0_quality_20	868	A	C	1819	1819	37	326	326	37	0.151981	2145	1.9354e-100	TRUE	2601	2599	37	421	421	37	0.139312	3022	5.72387e-128	TRUE	
Consensus_ZI-58_threshold_0_quality_20	1185	C	T	1	0	37	1	0	33	0.5	2	0.666667	FALSE	3	0	36	2	0	38	0.4	5	0.277778	FALSE	
Consensus_ZI-58_threshold_0_quality_20	1205	A	T	6398	0	37	1040	0	37	0.139766	7441	0	TRUE	10567	0	37	1768	0	37	0.143309	12337	0	TRUE	
Consensus_ZI-58_threshold_0_quality_20	2499	T	C	2857	310	65	615	59	66	0.177131	3472	8.54414e-199	TRUE	7942	796	65	1597	153	65	0.16733	9544	0	TRUE	
Consensus_ZI-58_threshold_0_quality_20	2742	C	T	6501	0	36	1181	0	37	0.153696	7684	0	TRUE	16044	2	36	2865	0	37	0.151467	18915	0	TRUE	
Consensus_ZI-58_threshold_0_quality_20	2898	A	G	6677	6675	37	1248	1247	37	0.157437	7927	0	TRUE	16752	16743	37	2869	2867	37	0.146191	19625	0	TRUE	
Consensus_ZI-58_threshold_0_quality_20	3788	G	A	33356	9	37	5891	1	37	0.150082	39252	0	TRUE	47110	2	37	8113	2	37	0.146889	55232	0	TRUE	
Consensus_ZI-58_threshold_0_quality_20	4079	C	+A	10496	416	65	907	0	20	0.0862003	10522	1.39197e-152	TRUE	18979	716	65	1610	0	20	0.0846967	19009	6.25304e-267	TRUE	
Consensus_ZI-58_threshold_0_quality_20	4812	T	C	474	471	36	84	84	37	0.150538	558	1.90356e-27	TRUE	1432	1431	36	249	249	36	0.148126	1681	7.89289e-78	TRUE	
Consensus_ZI-58_threshold_0_quality_20	5136	G	+A	22019	8438	37	1978	0	20	0.0844577	23420	0	TRUE	51100	24486	37	4669	0	20	0.0858919	54359	0	TRUE	
Consensus_ZI-58_threshold_0_quality_20	5136	G	A	22019	8438	37	1398	488	37	0.0596926	23420	0	TRUE	51100	24486	37	3254	1506	37	0.0598613	54359	0	TRUE	
Consensus_ZI-58_threshold_0_quality_20	5328	T	C	11938	1046	67	2103	205	67	0.149754	14043	0	TRUE	23244	2136	67	4296	397	68	0.15594	27549	0	TRUE	
Consensus_ZI-58_threshold_0_quality_20	6777	C	T	7628	1698	62	1432	309	62	0.158023	9062	0	TRUE	16668	3318	62	3216	637	62	0.16173	19885	0	TRUE	
Consensus_ZI-58_threshold_0_quality_20	7597	T	C	755	36	60	126	2	57	0.143019	881	1.02452e-40	TRUE	2294	105	59	453	18	57	0.164847	2748	6.34296e-146	TRUE	
Consensus_ZI-58_threshold_0_quality_20	7930	C	+A	978	122	64	111	0	20	0.113265	980	1.61593e-22	TRUE	3739	326	66	485	0	20	0.129058	3758	4.84172e-95	TRUE	
Consensus_ZI-58_threshold_0_quality_20	8475	T	C	23569	468	64	4532	84	63	0.161247	28106	0	TRUE	51866	1012	64	10274	171	63	0.165304	62152	0	TRUE	
Consensus_ZI-58_threshold_0_quality_20	9489	C	T	2632	2631	36	485	485	36	0.155598	3117	4.44827e-149	TRUE	8855	8850	36	1587	1587	36	0.151953	10444	0	TRUE	
